{
  "/home/aiyer/qlab/tests/test_auth.py": 1777277218.3105953,
  "/home/aiyer/qlab/tests/__init__.py": 1777275299.3402493,
  "/home/aiyer/qlab/scripts/seed_problems.py": 1777273124.5791018,
  "/home/aiyer/qlab/web/middleware.ts": 1777292383.922716,
  "/home/aiyer/qlab/web/next.config.js": 1777281993.457206,
  "/home/aiyer/qlab/web/next-env.d.ts": 1777282124.4171474,
  "/home/aiyer/qlab/web/app/layout.tsx": 1777277370.3056645,
  "/home/aiyer/qlab/web/app/auth/callback/page.tsx": 1777292407.1936507,
  "/home/aiyer/qlab/web/app/profile/page.tsx": 1777292613.4258113,
  "/home/aiyer/qlab/web/app/profile/setup/page.tsx": 1777292605.4385886,
  "/home/aiyer/qlab/web/app/sign-up/[[...sign-up]]/page.tsx": 1777277512.8250895,
  "/home/aiyer/qlab/web/app/sign-in/[[...sign-in]]/page.tsx": 1777277511.6730945,
  "/home/aiyer/qlab/api/deps.py": 1777272858.1569903,
  "/home/aiyer/qlab/api/__init__.py": 1777275880.3052683,
  "/home/aiyer/qlab/api/models.py": 1777292147.930784,
  "/home/aiyer/qlab/api/main.py": 1777291740.8189356,
  "/home/aiyer/qlab/api/routers/webhooks.py": 1777291971.6748765,
  "/home/aiyer/qlab/api/routers/problems.py": 1777272885.5320194,
  "/home/aiyer/qlab/api/routers/users.py": 1777293408.9323986,
  "/home/aiyer/qlab/api/routers/__init__.py": 1775714593.222725,
  "/home/aiyer/qlab/api/routers/notebook.py": 1775817014.2184322,
  "/home/aiyer/qlab/api/routers/submissions.py": 1777293405.128595,
  "/home/aiyer/qlab/api/services/judge.py": 1775715660.4791589,
  "/home/aiyer/qlab/api/services/problems.py": 1777272864.8807576,
  "/home/aiyer/qlab/api/services/users.py": 1777291389.575055,
  "/home/aiyer/qlab/api/services/__init__.py": 1775714592.534725,
  "/home/aiyer/qlab/api/services/notebook.py": 1775817007.2424448,
  "/home/aiyer/qlab/api/services/auth.py": 1777276566.9019842,
  "/home/aiyer/qlab/api/services/submissions.py": 1777292298.186719,
  "/home/aiyer/qlab/vscode-extension/src/ProblemPanel.ts": 1777293197.4972856,
  "/home/aiyer/qlab/vscode-extension/src/ProblemsProvider.ts": 1775818106.2948453,
  "/home/aiyer/qlab/vscode-extension/src/api.ts": 1777292730.2496765,
  "/home/aiyer/qlab/vscode-extension/src/extension.ts": 1777293414.7842693,
  "/home/aiyer/qlab/CLAUDE.md": 1776837027.1299963,
  "/home/aiyer/qlab/README.md": 1776836999.0825543,
  "/home/aiyer/qlab/FUTURE.md": 1776067438.7769115,
  "/home/aiyer/qlab/PRODUCTION.md": 1776838971.597615,
  "/home/aiyer/qlab/api/requirements.txt": 1777291685.3189728,
  "/home/aiyer/qlab/docs/implementation-summary.md": 1777293569.7975345,
  "/home/aiyer/qlab/docs/plan-user-registration-and-submission-tagging.md": 1777283527.7406924,
  "/home/aiyer/qlab/docs/superpowers/plans/2026-04-27-authentication.md": 1777275093.98162,
  "/home/aiyer/qlab/docs/superpowers/plans/2026-04-27-user-registration.md": 1777291180.519142,
  "/home/aiyer/qlab/docs/superpowers/specs/2026-04-27-user-registration-design.md": 1777290701.0152996,
  "/home/aiyer/qlab/docs/superpowers/specs/2026-04-27-authentication-design.md": 1777274822.5088298,
  "/home/aiyer/qlab/vscode-extension/media/icon.svg": 1775818077.3520818,
  "/home/aiyer/qlab/vscode-extension/media/icon.png": 1777293782.6389863
}