{
  "/home/aiyer/qlab/tests/test_submissions_me.py": 1778068964.1866703,
  "/home/aiyer/qlab/tests/test_auth.py": 1777277218.3105953,
  "/home/aiyer/qlab/tests/__init__.py": 1777275299.3402493,
  "/home/aiyer/qlab/tests/test_solutions.py": 1777983363.183455,
  "/home/aiyer/qlab/scripts/seed_problems.py": 1777964785.4450839,
  "/home/aiyer/qlab/web/middleware.ts": 1777895868.675429,
  "/home/aiyer/qlab/web/next.config.js": 1777281993.457206,
  "/home/aiyer/qlab/web/postcss.config.js": 1778036902.2044988,
  "/home/aiyer/qlab/web/tailwind.config.js": 1778036895.6654506,
  "/home/aiyer/qlab/web/next-env.d.ts": 1777282124.4171474,
  "/home/aiyer/qlab/web/app/layout.tsx": 1778036924.1903114,
  "/home/aiyer/qlab/web/app/problems/page.tsx": 1778037121.2706301,
  "/home/aiyer/qlab/web/app/problems/[slug]/page.tsx": 1778037282.5397584,
  "/home/aiyer/qlab/web/app/auth/callback/page.tsx": 1777895881.3394308,
  "/home/aiyer/qlab/web/app/profile/page.tsx": 1777898510.371727,
  "/home/aiyer/qlab/web/app/profile/setup/page.tsx": 1777292605.4385886,
  "/home/aiyer/qlab/web/app/sign-up/[[...sign-up]]/page.tsx": 1777277512.8250895,
  "/home/aiyer/qlab/web/app/sign-in/[[...sign-in]]/page.tsx": 1777277511.6730945,
  "/home/aiyer/qlab/web/app/sign-out/page.tsx": 1777895874.7634234,
  "/home/aiyer/qlab/web/hooks/useMySubmissions.ts": 1778068264.8939495,
  "/home/aiyer/qlab/web/hooks/useProblem.ts": 1778037007.8440378,
  "/home/aiyer/qlab/web/hooks/useProblems.ts": 1778037003.8642097,
  "/home/aiyer/qlab/web/hooks/useTest.ts": 1778037042.1056545,
  "/home/aiyer/qlab/web/hooks/useSolutions.ts": 1778037014.2983172,
  "/home/aiyer/qlab/web/hooks/useSubmit.ts": 1778037039.1092484,
  "/home/aiyer/qlab/web/hooks/useRevealHint.ts": 1778037045.878553,
  "/home/aiyer/qlab/web/hooks/useLeaderboard.ts": 1778037017.8169808,
  "/home/aiyer/qlab/web/components/ProblemLayout.tsx": 1778067823.580561,
  "/home/aiyer/qlab/web/components/ProblemsTable.tsx": 1778037099.2007024,
  "/home/aiyer/qlab/web/components/CodeEditor.tsx": 1778037066.9532604,
  "/home/aiyer/qlab/web/components/tabs/LeaderboardTab.tsx": 1778037211.418303,
  "/home/aiyer/qlab/web/components/tabs/DescriptionTab.tsx": 1778037160.1593325,
  "/home/aiyer/qlab/web/components/tabs/MySubmissionsTab.tsx": 1778069752.618366,
  "/home/aiyer/qlab/web/components/tabs/TestTab.tsx": 1778053054.255139,
  "/home/aiyer/qlab/web/components/tabs/SubmitTab.tsx": 1778037185.7669609,
  "/home/aiyer/qlab/web/components/tabs/SolutionsTab.tsx": 1778037201.871182,
  "/home/aiyer/qlab/web/lib/api.ts": 1778068264.7779531,
  "/home/aiyer/qlab/api/deps.py": 1777272858.1569903,
  "/home/aiyer/qlab/api/__init__.py": 1777275880.3052683,
  "/home/aiyer/qlab/api/models.py": 1778068963.9226704,
  "/home/aiyer/qlab/api/main.py": 1777964038.0910087,
  "/home/aiyer/qlab/api/routers/webhooks.py": 1777898498.1117582,
  "/home/aiyer/qlab/api/routers/problems.py": 1777272885.5320194,
  "/home/aiyer/qlab/api/routers/users.py": 1777898491.8077064,
  "/home/aiyer/qlab/api/routers/__init__.py": 1775714593.222725,
  "/home/aiyer/qlab/api/routers/notebook.py": 1775817014.2184322,
  "/home/aiyer/qlab/api/routers/submissions.py": 1778054430.4115748,
  "/home/aiyer/qlab/api/routers/solutions.py": 1777964027.1229463,
  "/home/aiyer/qlab/api/services/judge.py": 1775715660.4791589,
  "/home/aiyer/qlab/api/services/problems.py": 1777964785.4450839,
  "/home/aiyer/qlab/api/services/users.py": 1777898485.8317056,
  "/home/aiyer/qlab/api/services/__init__.py": 1775714592.534725,
  "/home/aiyer/qlab/api/services/notebook.py": 1778053985.4971087,
  "/home/aiyer/qlab/api/services/auth.py": 1777276566.9019842,
  "/home/aiyer/qlab/api/services/submissions.py": 1778068964.0626702,
  "/home/aiyer/qlab/api/services/solutions.py": 1777964785.4450839,
  "/home/aiyer/qlab/vscode-extension/src/ProblemPanel.ts": 1778069587.3424406,
  "/home/aiyer/qlab/vscode-extension/src/ProblemsProvider.ts": 1775818106.2948453,
  "/home/aiyer/qlab/vscode-extension/src/api.ts": 1778068983.6506743,
  "/home/aiyer/qlab/vscode-extension/src/extension.ts": 1777898553.3317676,
  "/home/aiyer/qlab/CLAUDE.md": 1777359738.869709,
  "/home/aiyer/qlab/README.md": 1776836999.0825543,
  "/home/aiyer/qlab/FUTURE.md": 1778055781.3114355,
  "/home/aiyer/qlab/PRODUCTION.md": 1776838971.597615,
  "/home/aiyer/qlab/api/requirements.txt": 1777291685.3189728,
  "/home/aiyer/qlab/docs/implementation-summary.md": 1777293569.7975345,
  "/home/aiyer/qlab/docs/plan-user-registration-and-submission-tagging.md": 1777283527.7406924,
  "/home/aiyer/qlab/docs/superpowers/plans/2026-05-06-web-submissions-tab.md": 1778056665.6428673,
  "/home/aiyer/qlab/docs/superpowers/plans/2026-05-06-web-ui.md": 1778036719.1526644,
  "/home/aiyer/qlab/docs/superpowers/plans/2026-05-04-solutions-tab.md": 1777900985.2599068,
  "/home/aiyer/qlab/docs/superpowers/plans/2026-04-27-authentication.md": 1777275093.98162,
  "/home/aiyer/qlab/docs/superpowers/plans/2026-04-27-user-registration.md": 1777291180.519142,
  "/home/aiyer/qlab/docs/superpowers/specs/2026-04-27-user-registration-design.md": 1777290701.0152996,
  "/home/aiyer/qlab/docs/superpowers/specs/2026-04-27-authentication-design.md": 1777274822.5088298,
  "/home/aiyer/qlab/docs/superpowers/specs/2026-05-05-web-ui-design.md": 1778003496.5179627,
  "/home/aiyer/qlab/docs/superpowers/specs/2026-05-06-web-submissions-tab-design.md": 1778056460.4762228,
  "/home/aiyer/qlab/docs/superpowers/specs/2026-05-04-solutions-tab-design.md": 1777900099.0472608,
  "/home/aiyer/qlab/vscode-extension/media/icon.svg": 1775818077.3520818,
  "/home/aiyer/qlab/vscode-extension/media/icon.png": 1777293782.6389863
}